ID,year,label,title,journal,author,doi,research_type,data_type,data_source,response_type,response_var,response_kingdom,response_phylum,response_class,response_family,landscape_type,change_type,change_category,change_magnitude,change_regime,change_pace,study_spatial_scale,study_temporal_scale,method,delay_type,delay_magnitude,delay_time
L_1,1994,Tilman_1994_Natu,Habitat destruction and the extinction debt,Nature,"Tilman, David and Lehman, Clarence L",10/b2gkrc,NA,NA,NA,NA,NA,NA,NA,NA,NA,NA,NA,NA,NA,NA,NA,NA,NA,NA,NA,NA,NA
L_2,1997,Banks_1997_Ecol,Do imperfects trrade-offs affect the extinction debt phenomenon?,Ecology,"Banks, John E.",10/dcm99b,NA,NA,NA,NA,NA,NA,NA,NA,NA,NA,NA,NA,NA,NA,NA,NA,NA,NA,NA,NA,NA
L_3,1997,McCarthy_1997_ConsBiol,Extinction Debts and Risks Faced by Abundant Species. Deudas de Extincion y Riesgos Enfrentados por un Numero Abundante de Especies,Conservation Biology,"McCarthy, Michael A. and Lindenmayer, David B. and Drechsler, Martin",10/b6nqt9,NA,NA,NA,NA,NA,NA,NA,NA,NA,NA,NA,NA,NA,NA,NA,NA,NA,NA,NA,NA,NA
L_4,1999,Cowlishaw_1999_ConsBiol,Predicting the Pattern of Decline of African Primate Diversity: an Extinction Debt from Historical Deforestation,Conservation Biology,"Cowlishaw, Guy",10/fm7g7k,NA,NA,NA,NA,NA,NA,NA,NA,NA,NA,NA,NA,NA,NA,NA,NA,NA,NA,NA,NA,NA
L_5,2000,Hanski_2000_AnnaZoolFenn,Extinction debt and species credit in boreal forests: modelling the consequences of different approaches to biodiversity conservation,Annales Zoologici Fennici,"Hanski, Ilkka",NA,NA,NA,NA,NA,NA,NA,NA,NA,NA,NA,NA,NA,NA,NA,NA,NA,NA,NA,NA,NA,NA
L_6,2002,Malanson_2002_AnofthAsofAmGe,Extinction-Debt Trajectories and Spatial Patterns of Habitat Destruction,Annals of the Association of American Geographers,"Malanson, George P.",10/dk9vgd,NA,NA,NA,NA,NA,NA,NA,NA,NA,NA,NA,NA,NA,NA,NA,NA,NA,NA,NA,NA,NA
L_7,2002,Hanski_2002_ConsBiol,Extinction Debt at Extinction Threshold,Conservation Biology,"Hanski, Ilkka and Ovaskainen, Otso",10/dcnfk4,NA,NA,NA,NA,NA,NA,NA,NA,NA,NA,NA,NA,NA,NA,NA,NA,NA,NA,NA,NA,NA
L_8,2003,Seabrook_2003_AustZool,"Landscape legacies: Koala habitat change in Noosa Shire, South-east Queensland",Australian Zoologist,"Seabrook, L.M. and McAlpine, C. A. and Phinn, S. R. and Callaghan, J. and Mitchell, D.",10/gm4hsm,NA,NA,NA,NA,NA,NA,NA,NA,NA,NA,NA,NA,NA,NA,NA,NA,NA,NA,NA,NA,NA
L_9,2004,Lindborg_2004_Ecol,Historical landscape connectivity affects present plant diversity,Ecology,"Lindborg, Regina and Eriksson, Ove",10/bgxqfx,NA,NA,NA,NA,NA,NA,NA,NA,NA,NA,NA,NA,NA,NA,NA,NA,NA,NA,NA,NA,NA
L_10,2005,Hanski_2005_EMBOrepo,"Landscape fragmentation, biodiversity loss and the societal response: The longterm consequences of our use of natural resources may be surprising and unpleasant",EMBO reports,"Hanski, Ilkka",10/djr5kp,NA,NA,NA,NA,NA,NA,NA,NA,NA,NA,NA,NA,NA,NA,NA,NA,NA,NA,NA,NA,NA
L_11,2005,Ewers_2005_BiolRevi,Confounding factors in the detection of species responses to habitat fragmentation,Biological Reviews,"Ewers, Robert M. and Didham, Raphael K.",10/c8dmsk,NA,NA,NA,NA,NA,NA,NA,NA,NA,NA,NA,NA,NA,NA,NA,NA,NA,NA,NA,NA,NA
L_12,2006,Piessens_2006_BiolCons,Does the heathland flora in north-western Belgium show an extinction debt?,Biological Conservation,"Piessens, Katrien and Hermy, Martin",10/dk6gkh,NA,NA,NA,NA,NA,NA,NA,NA,NA,NA,NA,NA,NA,NA,NA,NA,NA,NA,NA,NA,NA
L_13,2006,Vellend_2006_Ecol,Extinction debt of forest plants persists for more than a century following habitat destruction,Ecology,"Vellend, Mark and Verheyen, Kris and Jacquemyn, Hans and Kolb, Annette and Van Calster, Hans and Peterken, George and Hermy, Martin",10/c2dqzc,NA,NA,NA,NA,NA,NA,NA,NA,NA,NA,NA,NA,NA,NA,NA,NA,NA,NA,NA,NA,NA
L_14,2006,Adriaens_2006_BiolCons,No evidence of a plant extinction debt in highly fragmented calcareous grasslands in Belgium,Biological Conservation,"Adriaens, Dries and Honnay, Olivier and Hermy, Martin",10/dx2gnb,NA,NA,NA,NA,NA,NA,NA,NA,NA,NA,NA,NA,NA,NA,NA,NA,NA,NA,NA,NA,NA
L_15,2006,B..ldi_2006_BasandAppEco,Extinction debt of Hungarian reserves: A historical perspective,Basic and Applied Ecology,"Báldi, András and Vörös, Judit",10/frtrrk,NA,NA,NA,NA,NA,NA,NA,NA,NA,NA,NA,NA,NA,NA,NA,NA,NA,NA,NA,NA,NA
L_16,2006,Herben_2006_JoofEc,Long-term spatial dynamics of Succisa pratensis in a changing rural landscape: linking dynamical modelling with historical maps,Journal of Ecology,"Herben, Tomas and Munzbergova, Zuzana and Milden, Mikael and Ehrlen, Johan and Cousins, Sara A.O. and Eriksson, Ove",10/bzkndm,NA,NA,NA,NA,NA,NA,NA,NA,NA,NA,NA,NA,NA,NA,NA,NA,NA,NA,NA,NA,NA
L_17,2007,Ellis_2007_DivandDis,19th century woodland structure controls stand-scale epiphyte diversity in present-day Scotland: Epiphyte extinction debt,Diversity and Distributions,"Ellis, Christopher J. and Coppins, Brian J.",10/d8s44r,NA,NA,NA,NA,NA,NA,NA,NA,NA,NA,NA,NA,NA,NA,NA,NA,NA,NA,NA,NA,NA
L_18,2007,James_2007_Ecos,The Effects of Spatial Legacies following Shifting Management Practices and Fire on Boreal Forest Age Structure,Ecosystems,"James, Patrick M. A. and Fortin, Marie-Josée and Fall, Andrew and Kneeshaw, Dan and Messier, Christian",10/ckgdz8,NA,NA,NA,NA,NA,NA,NA,NA,NA,NA,NA,NA,NA,NA,NA,NA,NA,NA,NA,NA,NA
L_19,2007,Gustavsson_2007_BiolCons,Land use more than 200 years ago explains current grassland plant diversity in a Swedish agricultural landscape,Biological Conservation,"Gustavsson, Eva and Lennartsson, Tommy and Emanuelsson, Marie",10/fnhrbv,NA,NA,NA,NA,NA,NA,NA,NA,NA,NA,NA,NA,NA,NA,NA,NA,NA,NA,NA,NA,NA
L_20,2007,Bulman_2007_EcolAppl,"Minimum viable metapopulation size, extinction debt, and the conservation of a declining species",Ecological Applications,"Bulman, Caroline R. and Wilson, Robert J. and Holt, Alison R. and Bravo, Lucía Gálvez and Early, Regan I. and Warren, Martin S. and Thomas, Chris D.",10/dvnbkj,NA,NA,NA,NA,NA,NA,NA,NA,NA,NA,NA,NA,NA,NA,NA,NA,NA,NA,NA,NA,NA
L_21,2008,Malanson_2008_PrinPhGeEaanEn,"Extinction debt: origins, developments, and applications of a biogeographical trope",Progress in Physical Geography: Earth and Environment,"Malanson, George P.",10/ccz3dr,NA,NA,NA,NA,NA,NA,NA,NA,NA,NA,NA,NA,NA,NA,NA,NA,NA,NA,NA,NA,NA
L_22,2008,Cousins_2008_ApplVegeScie,After the hotspots are gone: Land use history and grassland plant species diversity in a strongly transformed agricultural landscape,Applied Vegetation Science,"Cousins, Sara A.O. and Eriksson, Ove",10/cm4cfd,NA,NA,NA,NA,NA,NA,NA,NA,NA,NA,NA,NA,NA,NA,NA,NA,NA,NA,NA,NA,NA
L_23,2008,Ranius_2008_BioandCon,Large-scale occurrence patterns of red-listed lichens and fungi on old oaks are influenced both by current and historical habitat density,Biodiversity and Conservation,"Ranius, Thomas and Eliasson, Per and Johansson, Per",10/b4c73c,NA,NA,NA,NA,NA,NA,NA,NA,NA,NA,NA,NA,NA,NA,NA,NA,NA,NA,NA,NA,NA
L_24,2009,Cristofoli_2009_InsConandDiv,Colonisation credit in recent wet heathland butterfly communities,Insect Conservation and Diversity,"Cristofoli, Sara and Mahy, Grégory",NA,NA,NA,NA,NA,NA,NA,NA,NA,NA,NA,NA,NA,NA,NA,NA,NA,NA,NA,NA,NA,NA
L_25,2009,Chen_2009_MathBios,Habitat destruction and the extinction debt revisited: The Allee effect,Mathematical Biosciences,"Chen, Ling-ling and Hui, Cang",10/cnbrhw,NA,NA,NA,NA,NA,NA,NA,NA,NA,NA,NA,NA,NA,NA,NA,NA,NA,NA,NA,NA,NA
L_26,2009,Ford_2009_BiolCons,"Extinction debt or habitat change? – Ongoing losses of woodland birds in north-eastern New South Wales, Australia",Biological Conservation,"Ford, Hugh A. and Walters, Jeffrey R. and Cooper, Caren B. and Debus, Stephen J.S. and Doerr, Veronica A.J.",10/d5fscp,NA,NA,NA,NA,NA,NA,NA,NA,NA,NA,NA,NA,NA,NA,NA,NA,NA,NA,NA,NA,NA
L_27,2009,Cousins_2009_JoofVeSc,Extinction debt in fragmented grasslands: paid or not?,Journal of Vegetation Science,"Cousins, Sara A.O.",10/bjv6kv,NA,NA,NA,NA,NA,NA,NA,NA,NA,NA,NA,NA,NA,NA,NA,NA,NA,NA,NA,NA,NA
L_28,2009,Helm_2009_JoofEc,Human influence lowers plant genetic diversity in communities with extinction debt,Journal of Ecology,"Helm, Aveliina and Oja, Tatjana and Saar, Liina and Takkis, Krista and Talve, Tiina and Pärtel, Meelis",10/dk23w4,NA,NA,NA,NA,NA,NA,NA,NA,NA,NA,NA,NA,NA,NA,NA,NA,NA,NA,NA,NA,NA
L_29,2009,Kuussaari_2009_TiE.E,Extinction debt: a challenge for biodiversity conservation,Trends in Ecology & Evolution,"Kuussaari, Mikko and Bommarco, Riccardo and Heikkinen, Risto K. and Helm, Aveliina and Krauss, Jochen and Lindborg, Regina and Öckinger, Erik and Pärtel, Meelis and Pino, Joan and Rodà, Ferran and Stefanescu, Constantí and Teder, Tiit and Zobel, Martin and Steffan-Dewenter, Ingolf",10/bb44hz,NA,NA,NA,NA,NA,NA,NA,NA,NA,NA,NA,NA,NA,NA,NA,NA,NA,NA,NA,NA,NA
L_30,2009,Metzger_2009_BiolCons,Time-lag in biological responses to landscape changes in a highly dynamic Atlantic forest region,Biological Conservation,"Metzger, Jean Paul and Martensen, Alexandre Camargo and Dixo, Marianna and Bernacci, Luis Carlos and Ribeiro, Milton Cezar and Teixeira, Ana Maria Godoy and Pardini, Renata",10/cvj9nm,NA,NA,NA,NA,NA,NA,NA,NA,NA,NA,NA,NA,NA,NA,NA,NA,NA,NA,NA,NA,NA
L_31,2009,Cousins_2009_BiolCons,Landscape history and soil properties affect grassland decline and plant species richness in rural landscapes,Biological Conservation,"Cousins, Sara A.O.",10/bwd3tm,NA,NA,NA,NA,NA,NA,NA,NA,NA,NA,NA,NA,NA,NA,NA,NA,NA,NA,NA,NA,NA
L_32,2010,Jackson_2010_TiE.E,"Balancing biodiversity in a changing environment: extinction debt, immigration credit and species turnover",Trends in Ecology & Evolution,"Jackson, Stephen T. and Sax, Dov F.",10/cc363k,NA,NA,NA,NA,NA,NA,NA,NA,NA,NA,NA,NA,NA,NA,NA,NA,NA,NA,NA,NA,NA
L_33,2010,Cristofoli_2010_RestEcol,Colonization Credit in Restored Wet Heathlands,Restoration Ecology,"Cristofoli, Sara and Piqueray, Julien",10/drxnrm,NA,NA,NA,NA,NA,NA,NA,NA,NA,NA,NA,NA,NA,NA,NA,NA,NA,NA,NA,NA,NA
L_34,2010,Triantis_2010_Ecog,Extinction debt on oceanic islands,Ecography,"Triantis, Kostas A. and Borges, Paulo A. V. and Ladle, Richard J. and Hortal, Joaquín and Cardoso, Pedro and Gaspar, Clara and Dinis, Francisco and Mendonça, Enésima and Silveira, Lúcia M. A. and Gabriel, Rosalina and Melo, Catarina and Santos, Ana M. C. and Amorim, Isabel R. and Ribeiro, Sérvio P. and Serrano, Artur R. M. and Quartau, José A. and Whittaker, Robert J.",10/bmhs8d,NA,NA,NA,NA,NA,NA,NA,NA,NA,NA,NA,NA,NA,NA,NA,NA,NA,NA,NA,NA,NA
L_35,2010,Cristofoli_2010_LanandUrbPla,Historical landscape structure affects plant species richness in wet heathlands with complex landscape dynamics,Landscape and Urban Planning,"Cristofoli, Sara and Monty, Arnaud and Mahy, Grégory",10/d28n93,NA,NA,NA,NA,NA,NA,NA,NA,NA,NA,NA,NA,NA,NA,NA,NA,NA,NA,NA,NA,NA
L_36,2010,Sang_2010_BiolCons,Indirect evidence for an extinction debt of grassland butterflies half century after habitat loss,Biological Conservation,"Sang, Anu and Teder, Tiit and Helm, Aveliina and Pärtel, Meelis",10/bv8w62,NA,NA,NA,NA,NA,NA,NA,NA,NA,NA,NA,NA,NA,NA,NA,NA,NA,NA,NA,NA,NA
L_37,2010,Krauss_2010_EcolLett,Habitat fragmentation causes immediate and time-delayed biodiversity loss at different trophic levels: Immediate and time-delayed biodiversity loss,Ecology Letters,"Krauss, Jochen and Bommarco, Riccardo and Guardiola, Moisès and Heikkinen, Risto K. and Helm, Aveliina and Kuussaari, Mikko and Lindborg, Regina and Öckinger, Erik and Pärtel, Meelis and Pino, Joan and Pöyry, Juha and Raatikainen, Katja M. and Sang, Anu and Stefanescu, Constantí and Teder, Tiit and Zobel, Martin and Steffan-Dewenter, Ingolf",10/bfp289,NA,NA,NA,NA,NA,NA,NA,NA,NA,NA,NA,NA,NA,NA,NA,NA,NA,NA,NA,NA,NA
L_38,2010,Tavernia_2010_LandEcol,"Spatial, temporal, and life history assumptions influence consistency of landscape effects on species distributions",Landscape Ecology,"Tavernia, Brian G. and Reed, J. Michael",10/cx2cq6,NA,NA,NA,NA,NA,NA,NA,NA,NA,NA,NA,NA,NA,NA,NA,NA,NA,NA,NA,NA,NA
L_39,2011,Piqueray_2011_LandEcol,Testing coexistence of extinction debt and colonization credit in fragmented calcareous grasslands with complex historical dynamics,Landscape Ecology,"Piqueray, Julien and Cristofoli, Sara and Bisteau, Emmanuelle and Palm, Rodolphe and Mahy, Grégory",10/fgj6q4,NA,NA,NA,NA,NA,NA,NA,NA,NA,NA,NA,NA,NA,NA,NA,NA,NA,NA,NA,NA,NA
L_40,2011,Piqueray_2011_BiolCons,"Plant species extinction debt in a temperate biodiversity hotspot: Community, species and functional traits approaches",Biological Conservation,"Piqueray, Julien and Bisteau, Emmanuelle and Cristofoli, Sara and Palm, Rodolphe and Poschlod, Peter and Mahy, Grégory",10/dv9dfz,NA,NA,NA,NA,NA,NA,NA,NA,NA,NA,NA,NA,NA,NA,NA,NA,NA,NA,NA,NA,NA
L_41,2011,Mouquet_2011_PLoONE,Extinction Debt in Source-Sink Metacommunities,PLoS ONE,"Mouquet, Nicolas and Matthiessen, Birte and Miller, Tom and Gonzalez, Andrew",10/d4pvqx,NA,NA,NA,NA,NA,NA,NA,NA,NA,NA,NA,NA,NA,NA,NA,NA,NA,NA,NA,NA,NA
L_42,2011,Labrum_2011_EcolMode,Allee effects and extinction debt,Ecological Modelling,"Labrum, Matthew J.",10/dsm3nf,NA,NA,NA,NA,NA,NA,NA,NA,NA,NA,NA,NA,NA,NA,NA,NA,NA,NA,NA,NA,NA
L_43,2011,Cousins_2011_BiolCons,Detection of extinction debt depends on scale and specialisation,Biological Conservation,"Cousins, Sara A.O. and Vanhoenacker, Didrik",10/cdpmdr,NA,NA,NA,NA,NA,NA,NA,NA,NA,NA,NA,NA,NA,NA,NA,NA,NA,NA,NA,NA,NA
L_44,2011,Paal_2011_JoofFoRe,Forest land-use history affects the species composition and soil properties of old-aged hillock forests in Estonia,Journal of Forest Research,"Paal, Jaanus and Turb, Margit and Köster, Tiina and Rajandu, Elle and Liira, Jaan",10/dmmrsp,NA,NA,NA,NA,NA,NA,NA,NA,NA,NA,NA,NA,NA,NA,NA,NA,NA,NA,NA,NA,NA
L_45,2011,Brudvig_2011_Ecog,"Land-use history, historical connectivity, and land management interact to determine longleaf pine woodland understory richness and composition",Ecography,"Brudvig, Lars A. and Damschen, Ellen I.",10/cxnkn2,NA,NA,NA,NA,NA,NA,NA,NA,NA,NA,NA,NA,NA,NA,NA,NA,NA,NA,NA,NA,NA
L_46,2011,Sitzia_2011_BioandCon,Maggengo meadow patches enclosed by forests in the Italian Alps: evidence of landscape legacy on plant diversity,Biodiversity and Conservation,"Sitzia, Tommaso and Trentanovi, Giovanni",10/bkrbxs,NA,NA,NA,NA,NA,NA,NA,NA,NA,NA,NA,NA,NA,NA,NA,NA,NA,NA,NA,NA,NA
L_47,2012,Lira_2012_JoofApEc,Evaluating the legacy of landscape history: extinction debt and species credit in bird and small mammal assemblages in the Brazilian Atlantic Forest,Journal of Applied Ecology,"Lira, Paula K. and Ewers, Robert M. and Banks-Leite, Cristina and Pardini, Renata and Metzger, Jean Paul",10/f4fz2z,NA,NA,NA,NA,NA,NA,NA,NA,NA,NA,NA,NA,NA,NA,NA,NA,NA,NA,NA,NA,NA
L_48,2012,Gijbels_2012_..co,An orchid colonization credit in restored calcareous grasslands,Écoscience,"Gijbels, Pieter and Adriaens, Dries and Honnay, Olivier",10/f3x7wc,NA,NA,NA,NA,NA,NA,NA,NA,NA,NA,NA,NA,NA,NA,NA,NA,NA,NA,NA,NA,NA
L_49,2012,Koyanagi_2012_PlanEcol,Grassland plant functional groups exhibit distinct time-lags in response to historical landscape change,Plant Ecology,"Koyanagi, Tomoyo and Kusumoto, Yoshinobu and Yamamoto, Shori and Okubo, Satoru and Iwasaki, Nobusuke and Takeuchi, Kazuhiko",10/dsqd3d,NA,NA,NA,NA,NA,NA,NA,NA,NA,NA,NA,NA,NA,NA,NA,NA,NA,NA,NA,NA,NA
L_50,2012,Wearn_2012_Scie,Extinction Debt and Windows of Conservation Opportunity in the Brazilian Amazon,Science,"Wearn, O. R. and Reuman, D. C. and Ewers, R. M.",10/f3347z,NA,NA,NA,NA,NA,NA,NA,NA,NA,NA,NA,NA,NA,NA,NA,NA,NA,NA,NA,NA,NA
L_51,2012,Tanentzap_2012_ConsLett,A framework for predicting species extinction by linking population dynamics with habitat loss: Dynamic predictions of extinction,Conservation Letters,"Tanentzap, Andrew J. and Walker, Susan and Theo Stephens, R. T. and Lee, William G.",10/f35366,NA,NA,NA,NA,NA,NA,NA,NA,NA,NA,NA,NA,NA,NA,NA,NA,NA,NA,NA,NA,NA
L_52,2012,Dullinger_2012_NatuClimChan,Extinction debt of high-mountain plants under twenty-first-century climate change,Nature Climate Change,"Dullinger, Stefan and Gattringer, Andreas and Thuiller, Wilfried and Moser, Dietmar and Zimmermann, Niklaus E. and Guisan, Antoine and Willner, Wolfgang and Plutzar, Christoph and Leitner, Michael and Mang, Thomas and Caccianiga, Marco and Dirnböck, Thomas and Ertl, Siegrun and Fischer, Anton and Lenoir, Jonathan and Svenning, Jens-Christian and Psomas, Achilleas and Schmatz, Dirk R. and Silc, Urban and Vittoz, Pascal and Hülber, Karl",10/dc7x,NA,NA,NA,NA,NA,NA,NA,NA,NA,NA,NA,NA,NA,NA,NA,NA,NA,NA,NA,NA,NA
L_53,2012,Aggemyr_2012_JoofBi,Landscape structure and land use history influence changes in island plant composition after 100 years: Revisiting 27 islands after 100 years,Journal of Biogeography,"Aggemyr, Elsa and Cousins, Sara A. O.",10/f2z37b,NA,NA,NA,NA,NA,NA,NA,NA,NA,NA,NA,NA,NA,NA,NA,NA,NA,NA,NA,NA,NA
L_54,2012,Purschke_2012_Oeco,Linking landscape history and dispersal traits in grassland plant communities,Oecologia,"Purschke, Oliver and Sykes, Martin T. and Reitalu, Triin and Poschlod, Peter and Prentice, Honor C.",10/dzzrxt,NA,NA,NA,NA,NA,NA,NA,NA,NA,NA,NA,NA,NA,NA,NA,NA,NA,NA,NA,NA,NA
L_55,2013,Dullinger_2013_ProfthNaAcofSc,Europe's other debt crisis caused by the long legacy of future extinctions,Proceedings of the National Academy of Sciences,"Dullinger, S. and Essl, F. and Rabitsch, W. and Erb, K.-H. and Gingrich, S. and Haberl, H. and Hulber, K. and Jarosik, V. and Krausmann, F. and Kuhn, I. and Pergl, J. and Pysek, P. and Hulme, P. E.",10/k8c,NA,NA,NA,NA,NA,NA,NA,NA,NA,NA,NA,NA,NA,NA,NA,NA,NA,NA,NA,NA,NA
L_56,2013,Hylander_2013_TiE.E,The mechanisms causing extinction debts,Trends in Ecology & Evolution,"Hylander, Kristoffer and Ehrlén, Johan",10/f24j5b,NA,NA,NA,NA,NA,NA,NA,NA,NA,NA,NA,NA,NA,NA,NA,NA,NA,NA,NA,NA,NA
L_57,2013,Soga_2013_AnimCons,From ecological pessimism to conservation chance: reviving living dead in changing landscapes: Reviving living dead in changing landscapes,Animal Conservation,"Soga, M. and Yamaura, Y. and Koike, S.",10/gm4htm,NA,NA,NA,NA,NA,NA,NA,NA,NA,NA,NA,NA,NA,NA,NA,NA,NA,NA,NA,NA,NA
L_58,2013,Olivier_2013_DivandDis,"The use of habitat suitability models and species-area relationships to predict extinction debts in coastal forests, South Africa",Diversity and Distributions,"Olivier, Pieter I. and van Aarde, Rudi J. and Lombard, Amanda T.",10/f5drz4,NA,NA,NA,NA,NA,NA,NA,NA,NA,NA,NA,NA,NA,NA,NA,NA,NA,NA,NA,NA,NA
L_59,2013,Halley_2013_Scie,"Comment on ""Extinction Debt and Windows of Conservation Opportunity in the Brazilian Amazon""",Science,"Halley, J. M. and Iwasa, Y. and Vokou, D.",10/gm4htb,NA,NA,NA,NA,NA,NA,NA,NA,NA,NA,NA,NA,NA,NA,NA,NA,NA,NA,NA,NA,NA
L_60,2013,Hanski_2013_AnimCons,Extinction debt at different spatial scales: Extinction debt and spatial scale,Animal Conservation,"Hanski, Ilkka",10/gm4hs9,NA,NA,NA,NA,NA,NA,NA,NA,NA,NA,NA,NA,NA,NA,NA,NA,NA,NA,NA,NA,NA
L_61,2013,Soga_2013_AnimCons_1,Mapping the potential extinction debt of butterflies in a modern city: implications for conservation priorities in urban landscapes: Mapping the potential extinction debt of butterflies,Animal Conservation,"Soga, M. and Koike, S.",10/f4nrhp,NA,NA,NA,NA,NA,NA,NA,NA,NA,NA,NA,NA,NA,NA,NA,NA,NA,NA,NA,NA,NA
L_62,2013,Guardiola_2013_DivandDis,Patch history and spatial scale modulate local plant extinction and extinction debt in habitat patches,Diversity and Distributions,"Guardiola, Moisès and Pino, Joan and Rodà, Ferran",10/f43tf3,NA,NA,NA,NA,NA,NA,NA,NA,NA,NA,NA,NA,NA,NA,NA,NA,NA,NA,NA,NA,NA
L_63,2013,Johansson_2013_JoofApEc,Epiphyte metapopulation persistence after drastic habitat decline and low tree regeneration: time-lags and effects of conservation actions,Journal of Applied Ecology,"Johansson, Victor and Ranius, Thomas and Snäll, Tord",10/f23vx7,NA,NA,NA,NA,NA,NA,NA,NA,NA,NA,NA,NA,NA,NA,NA,NA,NA,NA,NA,NA,NA
L_64,2013,Johansson_2013_Oeco,Estimates of connectivity reveal non-equilibrium epiphyte occurrence patterns almost 180 years after habitat decline,Oecologia,"Johansson, Victor and Snäll, Tord and Ranius, Thomas",10/f236vn,NA,NA,NA,NA,NA,NA,NA,NA,NA,NA,NA,NA,NA,NA,NA,NA,NA,NA,NA,NA,NA
L_65,2013,Takkis_2013_PlanEcol,Extinction debt in a common grassland species: immediate and delayed responses of plant and population fitness,Plant Ecology,"Takkis, Krista and Pärtel, Meelis and Saar, Liina and Helm, Aveliina",10/f43sxb,NA,NA,NA,NA,NA,NA,NA,NA,NA,NA,NA,NA,NA,NA,NA,NA,NA,NA,NA,NA,NA
L_66,2013,Gilbert_2013_ProfthNaAcofSc,Plant invasions and extinction debts,Proceedings of the National Academy of Sciences,"Gilbert, B. and Levine, J. M.",10/f4ntm8,NA,NA,NA,NA,NA,NA,NA,NA,NA,NA,NA,NA,NA,NA,NA,NA,NA,NA,NA,NA,NA
L_67,2014,Bommarco_2014_DivandDis,Extinction debt for plants and flower-visiting insects in landscapes with contrasting land use history,Diversity and Distributions,"Bommarco, Riccardo and Lindborg, Regina and Marini, Lorenzo and Öckinger, Erik",10/f24wvw,NA,NA,NA,NA,NA,NA,NA,NA,NA,NA,NA,NA,NA,NA,NA,NA,NA,NA,NA,NA,NA
L_68,2014,Jonason_2014_EcoandEvo,Vegetation in clear-cuts depends on previous land use: a century-old grassland legacy,Ecology and Evolution,"Jonason, Dennis and Ibbe, Mathias and Milberg, Per and Tunér, Albert and Westerberg, Lars and Bergman, Karl-Olof",10/f25jjd,NA,NA,NA,NA,NA,NA,NA,NA,NA,NA,NA,NA,NA,NA,NA,NA,NA,NA,NA,NA,NA
L_69,2014,Highland_2014_BioandCon,"Extinction debt in naturally contracting mountain meadows in the Pacific Northwest, USA: varying responses of plants and feeding guilds of nocturnal moths",Biodiversity and Conservation,"Highland, Steven A. and Jones, Julia A.",10/f6b5br,NA,NA,NA,NA,NA,NA,NA,NA,NA,NA,NA,NA,NA,NA,NA,NA,NA,NA,NA,NA,NA
L_70,2014,Halley_2014_GloEcoandBio,Extinction debt and the species-area relationship: a neutral perspective: Extinction debt and species-area relationships,Global Ecology and Biogeography,"Halley, John M. and Sgardeli, Vasiliki and Triantis, Kostas A.",10/gk6t62,NA,NA,NA,NA,NA,NA,NA,NA,NA,NA,NA,NA,NA,NA,NA,NA,NA,NA,NA,NA,NA
L_71,2014,Alofs_2014_PlanEcol,Local native plant diversity responds to habitat loss and fragmentation over different time spans and spatial scales,Plant Ecology,"Alofs, Karen M. and González, Ana V. and Fowler, Norma L.",10/f6jsm9,NA,NA,NA,NA,NA,NA,NA,NA,NA,NA,NA,NA,NA,NA,NA,NA,NA,NA,NA,NA,NA
L_72,2014,R..dei_2014_AE.E,Weak evidence of long-term extinction debt in Pannonian dry sand grasslands,"Agriculture, Ecosystems & Environment","Rédei, Tamás and Szitár, Katalin and Czúcz, Bálint and Barabás, Sándor and Lellei-Kovács, Eszter and Pándi, Ildikó and Somay, László and Csecserits, Anikó",10/gm4hsz,NA,NA,NA,NA,NA,NA,NA,NA,NA,NA,NA,NA,NA,NA,NA,NA,NA,NA,NA,NA,NA
L_73,2014,Briggs_2014_BiodJour,Global biodiversity gain is concurrent with declining popula- tion sizes,Biodiversity Journal,"Briggs, John C",NA,NA,NA,NA,NA,NA,NA,NA,NA,NA,NA,NA,NA,NA,NA,NA,NA,NA,NA,NA,NA,NA
L_74,2014,Sarula_2014_BiodScie,Effect of mining landscape history on local species diversity: a case study of the Yimin open-pit coal mine in Inner Mongolia,Biodiversity Science,"Sarula, Kang and Qing, Zhang and Jianming, Niu and Jianjun, Dong and Wenjing, Ma and Xin, Li and Changming, Chang and Chenwei, Shang",10/gm4hst,NA,NA,NA,NA,NA,NA,NA,NA,NA,NA,NA,NA,NA,NA,NA,NA,NA,NA,NA,NA,NA
L_75,2014,Hus..kov.._2014_PLoONE,Relative Importance of Current and Past Landscape Structure and Local Habitat Conditions for Plant Species Richness in Dry Grassland-Like Forest Openings,PLoS ONE,"Husáková, Iveta and Münzbergová, Zuzana",10/f569kc,NA,NA,NA,NA,NA,NA,NA,NA,NA,NA,NA,NA,NA,NA,NA,NA,NA,NA,NA,NA,NA
L_76,2014,Hahs_2014_EM.R,Extinction debt of cities and ways to minimise their realisation: a focus on Melbourne,Ecological Management & Restoration,"Hahs, Amy K. and McDonnell, Mark J.",10/gfsqmv,NA,NA,NA,NA,NA,NA,NA,NA,NA,NA,NA,NA,NA,NA,NA,NA,NA,NA,NA,NA,NA
L_77,2015,Isbell_2015_EcolLett,The biodiversity-dependent ecosystem service debt,Ecology Letters,"Isbell, Forest and Tilman, David and Polasky, Stephen and Loreau, Michel",10/f6zp8v,NA,NA,NA,NA,NA,NA,NA,NA,NA,NA,NA,NA,NA,NA,NA,NA,NA,NA,NA,NA,NA
L_78,2015,Essl_2015_DivandDis,Historical legacies accumulate to shape future biodiversity in an era of rapid global change,Diversity and Distributions,"Essl, Franz and Dullinger, Stefan and Rabitsch, Wolfgang and Hulme, Philip E. and Pyšek, Petr and Wilson, John R. U. and Richardson, David M.",10/gm4htq,NA,NA,NA,NA,NA,NA,NA,NA,NA,NA,NA,NA,NA,NA,NA,NA,NA,NA,NA,NA,NA
L_79,2015,Naaf_2015_BiolCons,Colonization credit of post-agricultural forest patches in NE Germany remains 130–230years after reforestation,Biological Conservation,"Naaf, Tobias and Kolk, Jens",10/f62fcz,NA,NA,NA,NA,NA,NA,NA,NA,NA,NA,NA,NA,NA,NA,NA,NA,NA,NA,NA,NA,NA
L_80,2015,Bagaria_2015_Oeco,Assessing coexisting plant extinction debt and colonization credit in a grassland–forest change gradient,Oecologia,"Bagaria, Guillem and Helm, Aveliina and Rodà, Ferran and Pino, Joan",10/f7wtzb,NA,NA,NA,NA,NA,NA,NA,NA,NA,NA,NA,NA,NA,NA,NA,NA,NA,NA,NA,NA,NA
L_81,2015,Kitzes_2015_Ecol,Predicting extinction debt from community patterns,Ecology,"Kitzes, Justin and Harte, John",10/f7mddp,NA,NA,NA,NA,NA,NA,NA,NA,NA,NA,NA,NA,NA,NA,NA,NA,NA,NA,NA,NA,NA
L_82,2015,Essl_2015_TiE.E,Delayed biodiversity change: no time to waste,Trends in Ecology & Evolution,"Essl, Franz and Dullinger, Stefan and Rabitsch, Wolfgang and Hulme, Philip E. and Pyšek, Petr and Wilson, John R.U. and Richardson, David M.",10/gjh438,NA,NA,NA,NA,NA,NA,NA,NA,NA,NA,NA,NA,NA,NA,NA,NA,NA,NA,NA,NA,NA
L_83,2015,Gonz..lez.Varo_2015_JoofApEc,Extinction debt of a common shrub in a fragmented landscape,Journal of Applied Ecology,"González-Varo, Juan P. and Albaladejo, Rafael G. and Aizen, Marcelo A. and Arroyo, Juan and Aparicio, Abelardo",10/f7c98h,NA,NA,NA,NA,NA,NA,NA,NA,NA,NA,NA,NA,NA,NA,NA,NA,NA,NA,NA,NA,NA
L_84,2015,Kolk_2015_BiolCons,Herb layer extinction debt in highly fragmented temperate forests – Completely paid after 160 years?,Biological Conservation,"Kolk, Jens and Naaf, Tobias",10/f62jdq,NA,NA,NA,NA,NA,NA,NA,NA,NA,NA,NA,NA,NA,NA,NA,NA,NA,NA,NA,NA,NA
L_85,2015,Cusser_2015_InsConandDiv,Land use change and pollinator extinction debt in exurban landscapes,Insect Conservation and Diversity,"Cusser, Sarah and Neff, John L. and Jha, Shalene",10/f7xcbn,NA,NA,NA,NA,NA,NA,NA,NA,NA,NA,NA,NA,NA,NA,NA,NA,NA,NA,NA,NA,NA
L_86,2015,Claudino_2015_EcolComp,Extinction debt and the role of static and dynamical fragmentation on biodiversity,Ecological Complexity,"Claudino, Elder S. and Gomes, M.A.F. and Campos, Paulo R.A.",10/f67b28,NA,NA,NA,NA,NA,NA,NA,NA,NA,NA,NA,NA,NA,NA,NA,NA,NA,NA,NA,NA,NA
L_87,2015,Yamanaka_2015_EcolIndi,Time-lagged responses of indicator taxa to temporal landscape changes in agricultural landscapes,Ecological Indicators,"Yamanaka, Satoshi and Akasaka, Takumi and Yamaura, Yuichi and Kaneko, Masami and Nakamura, Futoshi",10/f6v98k,NA,NA,NA,NA,NA,NA,NA,NA,NA,NA,NA,NA,NA,NA,NA,NA,NA,NA,NA,NA,NA
L_88,2015,Batriu_2015_JoofVeSc,Filtering of plant functional traits is determined by environmental gradients and by past land use in a Mediterranean coastal marsh,Journal of Vegetation Science,"Batriu, Efrem and Ninot, Josep Maria and Pino, Joan",10/f68sh6,NA,NA,NA,NA,NA,NA,NA,NA,NA,NA,NA,NA,NA,NA,NA,NA,NA,NA,NA,NA,NA
L_89,2015,Habel_2015_ConsGene,Fragmentation genetics of the grassland butterfly Polyommatus coridon: Stable genetic diversity or extinction debt?,Conservation Genetics,"Habel, Jan Christian and Brückmann, Sabrina V. and Krauss, Jochen and Schwarzer, Julia and Weig, Alfons and Husemann, Martin and Steffan-Dewenter, Ingolf",10/f7cqr4,NA,NA,NA,NA,NA,NA,NA,NA,NA,NA,NA,NA,NA,NA,NA,NA,NA,NA,NA,NA,NA
L_90,2015,Aguirre...Guti..rrez_2015_DivandDis,Susceptibility of pollinators to ongoing landscape changes depends on landscape history,Diversity and Distributions,"Aguirre‐Gutiérrez, Jesús and Biesmeijer, Jacobus C. and Loon, E. Emiel and Reemer, Menno and WallisDeVries, Michiel F. and Carvalheiro, Luísa G.",10/gm4hsp,NA,NA,NA,NA,NA,NA,NA,NA,NA,NA,NA,NA,NA,NA,NA,NA,NA,NA,NA,NA,NA
L_91,2015,Sales_2015_N.C,Time-lags in primate occupancy: a study case using dynamic models,Natureza & Conservação,"Sales, Lilian Patricia and Hayward, Matthew Warrington and Zambaldi, Ludimilla and Passamani, Marcelo and de Melo, Fabiano Rodrigues and Loyola, Rafael",10/gm4hsj,NA,NA,NA,NA,NA,NA,NA,NA,NA,NA,NA,NA,NA,NA,NA,NA,NA,NA,NA,NA,NA
L_92,2016,Fordham_2016_BiolLett,Extinction debt from climate change for frogs in the wet tropics,Biology Letters,"Fordham, Damien A. and Brook, Barry W. and Hoskin, Conrad J. and Pressey, Robert L. and VanDerWal, Jeremy and Williams, Stephen E.",10/gk7kcj,NA,NA,NA,NA,NA,NA,NA,NA,NA,NA,NA,NA,NA,NA,NA,NA,NA,NA,NA,NA,NA
L_93,2016,Basnou_2016_Oiko,"Of niche differentiation, dispersal ability and historical legacies: what drives woody community assembly in recent Mediterranean forests?",Oikos,"Basnou, Corina and Vicente, Paloma and Espelta, Josep Maria and Pino, Joan",10/gm4htp,NA,NA,NA,NA,NA,NA,NA,NA,NA,NA,NA,NA,NA,NA,NA,NA,NA,NA,NA,NA,NA
L_94,2016,Kimberley_2016_Ecog,How well is current plant trait composition predicted by modern and historical forest spatial configuration?,Ecography,"Kimberley, Adam and Blackburn, G. Alan and Whyatt, J. Duncan and Smart, Simon M.",10/gm4htj,NA,NA,NA,NA,NA,NA,NA,NA,NA,NA,NA,NA,NA,NA,NA,NA,NA,NA,NA,NA,NA
L_95,2016,Halley_2016_NatuComm,Dynamics of extinction debt across five taxonomic groups,Nature Communications,"Halley, John M. and Monokrousos, Nikolaos and Mazaris, Antonios D. and Newmark, William D. and Vokou, Despoina",10/f8wsvq,NA,NA,NA,NA,NA,NA,NA,NA,NA,NA,NA,NA,NA,NA,NA,NA,NA,NA,NA,NA,NA
L_96,2016,du.Toit_2016_LandEcol,"Landscape history, time lags and drivers of change: urban natural grassland remnants in Potchefstroom, South Africa",Landscape Ecology,"du Toit, Marié J. and Kotze, D. Johan and Cilliers, Sarel S.",10/ggzxnq,NA,NA,NA,NA,NA,NA,NA,NA,NA,NA,NA,NA,NA,NA,NA,NA,NA,NA,NA,NA,NA
L_97,2016,Duplisea_2016_PLOONE,Extinction Debt and Colonizer Credit on a Habitat Perturbed Fishing Bank,PLOS ONE,"Duplisea, Daniel E. and Frisk, Michael G. and Trenkel, Verena M.",10/f9gttn,NA,NA,NA,NA,NA,NA,NA,NA,NA,NA,NA,NA,NA,NA,NA,NA,NA,NA,NA,NA,NA
L_98,2016,Jones_2016_BiolCons,Extinction debt on reservoir land-bridge islands,Biological Conservation,"Jones, Isabel L. and Bunnefeld, Nils and Jump, Alistair S. and Peres, Carlos A. and Dent, Daisy H.",10/gm4hs5,NA,NA,NA,NA,NA,NA,NA,NA,NA,NA,NA,NA,NA,NA,NA,NA,NA,NA,NA,NA,NA
L_99,2016,Lehtil.._2016_Oeco,Forest succession and population viability of grassland plants: long repayment of extinction debt in Primula veris,Oecologia,"Lehtilä, Kari and Dahlgren, Johan P. and Garcia, Maria Begoña and Leimu, Roosa and Syrjänen, Kimmo and Ehrlén, Johan",10/f3m5cg,NA,NA,NA,NA,NA,NA,NA,NA,NA,NA,NA,NA,NA,NA,NA,NA,NA,NA,NA,NA,NA
L_100,2016,Saito_2016_JoofMa,Time-delayed response of Japanese hare distribution to landscape change along an urban gradient,Journal of Mammalogy,"Saito, Masayuki U. and Furukawa, Takuya and Koyanagi, Tomoyo F.",10/f87n9k,NA,NA,NA,NA,NA,NA,NA,NA,NA,NA,NA,NA,NA,NA,NA,NA,NA,NA,NA,NA,NA
L_101,2016,Hus..kov.._2016_JoofVeSc,The effect of current and historical landscape structure and species life-history traits on species distribution in dry grassland-like forest openings,Journal of Vegetation Science,"Husáková, Iveta and Münzbergová, Zuzana",10/gm4hsv,NA,NA,NA,NA,NA,NA,NA,NA,NA,NA,NA,NA,NA,NA,NA,NA,NA,NA,NA,NA,NA
L_102,2016,Uezu_2016_PLOONE,Time-Lag in Responses of Birds to Atlantic Forest Fragmentation: Restoration Opportunity and Urgency,PLOS ONE,"Uezu, Alexandre and Metzger, Jean Paul",10/f8p68q,NA,NA,NA,NA,NA,NA,NA,NA,NA,NA,NA,NA,NA,NA,NA,NA,NA,NA,NA,NA,NA
L_103,2016,Jonason_2016_ApplVegeScie,Land-use history exerts long-term effects on the clear-cut flora in boreonemoral Sweden,Applied Vegetation Science,"Jonason, Dennis and Bergman, Karl-Olof and Westerberg, Lars and Milberg, Per",10/f3tqpg,NA,NA,NA,NA,NA,NA,NA,NA,NA,NA,NA,NA,NA,NA,NA,NA,NA,NA,NA,NA,NA
L_104,2016,Iversen_2016_PopuEcol,Variable history of land use reduces the relationship to specific habitat requirements of a threatened aquatic insect,Population Ecology,"Iversen, Lars Lønsmann and Rannap, Riinu and Briggs, Lars and Sand-Jensen, Kaj",10/f76jxs,NA,NA,NA,NA,NA,NA,NA,NA,NA,NA,NA,NA,NA,NA,NA,NA,NA,NA,NA,NA,NA
L_105,2016,Perring_2016_GlobChanBiol,Global environmental change effects on ecosystems: the importance of land-use legacies,Global Change Biology,"Perring, Michael P. and De Frenne, Pieter and Baeten, Lander and Maes, Sybryn L. and Depauw, Leen and Blondeel, Haben and Carón, María M. and Verheyen, Kris",10/f8dh4x,NA,NA,NA,NA,NA,NA,NA,NA,NA,NA,NA,NA,NA,NA,NA,NA,NA,NA,NA,NA,NA
L_106,2016,Berg..s_2016_DivandDis,Past landscape explains forest periphery-to-core gradient of understorey plant communities in a reforestation context,Diversity and Distributions,"Bergès, Laurent and Avon, Catherine and Arnaudet, Lucie and Archaux, Frédéric and Chauchard, Sandrine and Dupouey, Jean-Luc",10/gm4hr6,NA,NA,NA,NA,NA,NA,NA,NA,NA,NA,NA,NA,NA,NA,NA,NA,NA,NA,NA,NA,NA
L_107,2017,Talluto_2017_NE.E,Extinction debt and colonization credit delay range shifts of eastern North American trees,Nature Ecology & Evolution,"Talluto, Matthew V. and Boulangeat, Isabelle and Vissault, Steve and Thuiller, Wilfried and Gravel, Dominique",10/ggvbvb,NA,NA,NA,NA,NA,NA,NA,NA,NA,NA,NA,NA,NA,NA,NA,NA,NA,NA,NA,NA,NA
L_108,2017,Semper.Pascual_2017_JoofApEc,Mapping extinction debt highlights conservation opportunities for birds and mammals in the South American Chaco,Journal of Applied Ecology,"Semper-Pascual, Asunción and Macchi, Leandro and Sabatini, Francesco Maria and Decarre, Julieta and Baumann, Matthias and Blendinger, Pedro G and Gómez-Valencia, Bibiana and Mastrangelo, Matías E and Kuemmerle, Tobias",10/gdfx5q,NA,NA,NA,NA,NA,NA,NA,NA,NA,NA,NA,NA,NA,NA,NA,NA,NA,NA,NA,NA,NA
L_109,2017,Hugueny_2017_EcolLett,Age-area scaling of extinction debt within isolated terrestrial vertebrate assemblages,Ecology Letters,"Hugueny, Bernard",10/gm4hts,NA,NA,NA,NA,NA,NA,NA,NA,NA,NA,NA,NA,NA,NA,NA,NA,NA,NA,NA,NA,NA
L_110,2017,Kolk_2017_BioandCon,Paying the colonization credit: converging plant species richness in ancient and post-agricultural forests in NE Germany over five decades,Biodiversity and Conservation,"Kolk, Jens and Naaf, Tobias and Wulf, Monika",10/f9rt74,NA,NA,NA,NA,NA,NA,NA,NA,NA,NA,NA,NA,NA,NA,NA,NA,NA,NA,NA,NA,NA
L_111,2017,Chen_2017_ScieRepo,A general framework for predicting delayed responses of ecological communities to habitat loss,Scientific Reports,"Chen, Youhua and Shen, Tsung-Jen",10/gcz2hv,NA,NA,NA,NA,NA,NA,NA,NA,NA,NA,NA,NA,NA,NA,NA,NA,NA,NA,NA,NA,NA
L_112,2017,Gibbs_2017_BasandAppEco,Environmental warming accelerates extinctions but does not alter extinction debt,Basic and Applied Ecology,"Gibbs, David A. and Jiang, Lin",10/gcnrnx,NA,NA,NA,NA,NA,NA,NA,NA,NA,NA,NA,NA,NA,NA,NA,NA,NA,NA,NA,NA,NA
L_113,2017,Chen_2017_ScieRepo_1,"Evidence and mapping of extinction debts for global forest-dwelling reptiles, amphibians and mammals",Scientific Reports,"Chen, Youhua and Peng, Shushi",10/f9zgpj,NA,NA,NA,NA,NA,NA,NA,NA,NA,NA,NA,NA,NA,NA,NA,NA,NA,NA,NA,NA,NA
L_114,2017,Otto_2017_DivandDis,Unpaid extinction debts for endemic plants and invertebrates as a legacy of habitat loss on oceanic islands,Diversity and Distributions,"Otto, Rüdiger and Garzón-Machado, Víctor and del Arco, Marcelino and Fernández-Lugo, Silvia and de Nascimento, Lea and Oromí, Pedro and Báez, Marcos and Ibáñez, Miguel and Alonso, María R. and Fernández-Palacios, José María",10/gbwtnj,NA,NA,NA,NA,NA,NA,NA,NA,NA,NA,NA,NA,NA,NA,NA,NA,NA,NA,NA,NA,NA
L_115,2017,Hylander_2017_DivandDis,Waiving the extinction debt: Can shade from coffee prevent extinctions of epiphytic plants from isolated trees?,Diversity and Distributions,"Hylander, Kristoffer and Nemomissa, Sileshi",10/gb2hjh,NA,NA,NA,NA,NA,NA,NA,NA,NA,NA,NA,NA,NA,NA,NA,NA,NA,NA,NA,NA,NA
L_116,2017,Mitchell_2017_BiolCons,"Forty years of change in Scottish grassland vegetation: Increased richness, decreased diversity and increased dominance",Biological Conservation,"Mitchell, Ruth J. and Hewison, Richard L. and Britton, Andrea J. and Brooker, Rob W. and Cummins, Roger P. and Fielding, Debbie A. and Fisher, Julia M. and Gilbert, Diana J. and Hester, Alison J. and Hurskainen, Sonja and Pakeman, Robin J. and Potts, Jacqueline M. and Riach, David",10/gm4htd,NA,NA,NA,NA,NA,NA,NA,NA,NA,NA,NA,NA,NA,NA,NA,NA,NA,NA,NA,NA,NA
L_117,2017,Koyanagi_2017_PlanEcol,Evaluating the local habitat history deepens the understanding of the extinction debt for endangered plant species in semi-natural grasslands,Plant Ecology,"Koyanagi, Tomoyo F. and Akasaka, Munemitsu and Oguma, Hiroyuki and Ise, Hajime",10/f989k7,NA,NA,NA,NA,NA,NA,NA,NA,NA,NA,NA,NA,NA,NA,NA,NA,NA,NA,NA,NA,NA
L_118,2017,Halley_2017_JoofVeSc,Extinction debt in plant communities: where are we now?,Journal of Vegetation Science,"Halley, John M. and Monokrousos, Nikolaos and Mazaris, Antonios D. and Vokou, Despoina",10/f98pgp,NA,NA,NA,NA,NA,NA,NA,NA,NA,NA,NA,NA,NA,NA,NA,NA,NA,NA,NA,NA,NA
L_119,2017,Otsu_2017_JoofVeSc,Evidence of extinction debt through the survival and colonization of each species in semi-natural grasslands,Journal of Vegetation Science,"Otsu, Chiaki and Iijima, Hayato and Nagaike, Takuo and Hoshino, Yoshinobu",10/f98nxv,NA,NA,NA,NA,NA,NA,NA,NA,NA,NA,NA,NA,NA,NA,NA,NA,NA,NA,NA,NA,NA
L_120,2017,Semlitsch_2017_JoofHe,Extinction Debt as a Driver of Amphibian Declines: An Example with Imperiled Flatwoods Salamanders,Journal of Herpetology,"Semlitsch, Raymond D. and Walls, Susan C. and Barichivich, William J. and O'Donnell, Katherine M.",10/f9v382,NA,NA,NA,NA,NA,NA,NA,NA,NA,NA,NA,NA,NA,NA,NA,NA,NA,NA,NA,NA,NA
L_121,2017,Niissalo_2017_AmJoofBo,Very small relict populations suggest high extinction debt of gingers in primary forest fragments of a tropical city,American Journal of Botany,"Niissalo, Matti A. and Leong-Škorničková, Jana and Khew, Gillian S. and Webb, Edward L.",10/f9v6kt,NA,NA,NA,NA,NA,NA,NA,NA,NA,NA,NA,NA,NA,NA,NA,NA,NA,NA,NA,NA,NA
L_122,2017,Plue_2017_AnofBo,Does the seed bank contribute to the build-up of a genetic extinction debt in the grassland perennial Campanula rotundifolia?,Annals of Botany,"Plue, Jan and Vandepitte, Katrien and Honnay, Olivier and Cousins, Sara A O",10/f99k82,NA,NA,NA,NA,NA,NA,NA,NA,NA,NA,NA,NA,NA,NA,NA,NA,NA,NA,NA,NA,NA
L_123,2017,Neumann_2017_DivandDis,The legacy of 20th Century landscape change on today's woodland carabid communities,Diversity and Distributions,"Neumann, Jessica L. and Holloway, Graham J. and Hoodless, Andrew and Griffiths, Geoffrey H.",10/gck9bc,NA,NA,NA,NA,NA,NA,NA,NA,NA,NA,NA,NA,NA,NA,NA,NA,NA,NA,NA,NA,NA
L_124,2017,Cliquet_2017_GriLawRev,"Halting and restoring species loss: incorporating the concepts of extinction debt, ecological trap and dark diversity into conservation and restoration law",Griffith Law Review,"Cliquet, An and Decleer, Kris",10/gm4hs4,NA,NA,NA,NA,NA,NA,NA,NA,NA,NA,NA,NA,NA,NA,NA,NA,NA,NA,NA,NA,NA
L_125,2017,Zarada_2017_TheoEcol,Time to extinction in deteriorating environments,Theoretical Ecology,"Zarada, Katherine and Drake, John M.",10/gm4hsx,NA,NA,NA,NA,NA,NA,NA,NA,NA,NA,NA,NA,NA,NA,NA,NA,NA,NA,NA,NA,NA
L_126,2017,Alignier_2017_JoofEnMa,Time-lagged response of carabid species richness and composition to past management practices and landscape context of semi-natural field margins,Journal of Environmental Management,"Alignier, Audrey and Aviron, Stéphanie",10/gckz3d,NA,NA,NA,NA,NA,NA,NA,NA,NA,NA,NA,NA,NA,NA,NA,NA,NA,NA,NA,NA,NA
L_127,2017,Saar_2017_Oeco,Trait assembly in grasslands depends on habitat history and spatial scale,Oecologia,"Saar, Liina and de Bello, Francesco and Pärtel, Meelis and Helm, Aveliina",10/ggsrpd,NA,NA,NA,NA,NA,NA,NA,NA,NA,NA,NA,NA,NA,NA,NA,NA,NA,NA,NA,NA,NA
L_128,2017,Sgardeli_2017_JoofThBi,A forecast for extinction debt in the presence of speciation,Journal of Theoretical Biology,"Sgardeli, Vasiliki and Iwasa, Yoh and Varvoglis, Harry and Halley, John M.",10/f9x4qf,NA,NA,NA,NA,NA,NA,NA,NA,NA,NA,NA,NA,NA,NA,NA,NA,NA,NA,NA,NA,NA
L_129,2017,Ziter_2017_LandEcol,How do land-use legacies affect ecosystem services in United States cultural landscapes?,Landscape Ecology,"Ziter, Carly and Graves, Rose A. and Turner, Monica G.",10/gck7x2,NA,NA,NA,NA,NA,NA,NA,NA,NA,NA,NA,NA,NA,NA,NA,NA,NA,NA,NA,NA,NA
L_130,2017,Gonz..lez.Moreno_2017_BiolInva,The effects of landscape history and time-lags on plant invasion in Mediterranean coastal habitats,Biological Invasions,"González-Moreno, Pablo and Pino, Joan and Cózar, Andrés and García-de-Lomas, Juan and Vilà, Montserrat",10/f9sw79,NA,NA,NA,NA,NA,NA,NA,NA,NA,NA,NA,NA,NA,NA,NA,NA,NA,NA,NA,NA,NA
L_131,2017,Elo_2017_RethEcol,What does the recovery debt really measure?,Rethinking Ecology,"Elo, Merja and Haapalehto, Tuomas and Kareksela, Santtu and Kotiaho, Janne",10/gm4hr4,NA,NA,NA,NA,NA,NA,NA,NA,NA,NA,NA,NA,NA,NA,NA,NA,NA,NA,NA,NA,NA
L_132,2017,Lafuite_2017_EcolMode,Time-delayed biodiversity feedbacks and the sustainability of social-ecological systems,Ecological Modelling,"Lafuite, A.-S. and Loreau, M.",10/f95vm3,NA,NA,NA,NA,NA,NA,NA,NA,NA,NA,NA,NA,NA,NA,NA,NA,NA,NA,NA,NA,NA
L_133,2018,Lalech..re_2018_JoofVeSc,Projected regional forest plant community dynamics evidence centuries-long effects of habitat turnover,Journal of Vegetation Science,"Lalechère, Etienne and Jabot, Franck and Archaux, Frédéric and Deffuant, Guillaume",10/gdxcxn,NA,NA,NA,NA,NA,NA,NA,NA,NA,NA,NA,NA,NA,NA,NA,NA,NA,NA,NA,NA,NA
L_134,2018,Lafuite_2018_EcolEcon,Sustainable Land-use Management Under Biodiversity Lag Effects,Ecological Economics,"Lafuite, A.-S. and Denise, G. and Loreau, M.",10/gd9w4j,NA,NA,NA,NA,NA,NA,NA,NA,NA,NA,NA,NA,NA,NA,NA,NA,NA,NA,NA,NA,NA
L_135,2018,Shumi_2018_DivandDis,Land use legacy effects on woody vegetation in agricultural landscapes of south-western Ethiopia,Diversity and Distributions,"Shumi, Girma and Schultner, Jannik and Dorresteijn, Ine and Rodrigues, Patrícia and Hanspach, Jan and Hylander, Kristoffer and Senbeta, Feyera and Fischer, Joern",10/gdxb2k,NA,NA,NA,NA,NA,NA,NA,NA,NA,NA,NA,NA,NA,NA,NA,NA,NA,NA,NA,NA,NA
L_136,2018,Guardiola_2018_Oiko,Do asynchronies in extinction debt affect the structure of trophic networks? A case study of antagonistic butterfly larvae-plant networks,Oikos,"Guardiola, Moisès and Stefanescu, Constantí and Rodà, Ferran and Pino, Joan",10/gdsbx5,NA,NA,NA,NA,NA,NA,NA,NA,NA,NA,NA,NA,NA,NA,NA,NA,NA,NA,NA,NA,NA
L_137,2018,Koyanagi_2018_PlanEcol,Nestedness-resultant community disassembly process of extinction debt in a highly fragmented semi-natural grassland,Plant Ecology,"Koyanagi, Tomoyo F. and Furukawa, Takuya and Osawa, Takeshi",10/gd4nkh,NA,NA,NA,NA,NA,NA,NA,NA,NA,NA,NA,NA,NA,NA,NA,NA,NA,NA,NA,NA,NA
L_138,2018,Janssen_2018_JoofEc,Present conditions may mediate the legacy effect of past land-use changes on species richness and composition of above- and below-ground assemblages,Journal of Ecology,"Janssen, Philippe and Bec, Stéphane and Fuhr, Marc and Taberlet, Pierre and Brun, Jean-Jacques and Bouget, Christophe",10/gcq7vz,NA,NA,NA,NA,NA,NA,NA,NA,NA,NA,NA,NA,NA,NA,NA,NA,NA,NA,NA,NA,NA
L_139,2018,Cusser_2018_LandEcol,Land-use history drives contemporary pollinator community similarity,Landscape Ecology,"Cusser, Sarah and Neff, John L. and Jha, Shalene",10/gdzw23,NA,NA,NA,NA,NA,NA,NA,NA,NA,NA,NA,NA,NA,NA,NA,NA,NA,NA,NA,NA,NA
L_140,2018,Johansson_2018_BiolCons,Time-lagged lichen extinction in retained buffer strips 16.5 years after clear-cutting,Biological Conservation,"Johansson, Victor and Wikström, Carl-Johan and Hylander, Kristoffer",10/gd4std,NA,NA,NA,NA,NA,NA,NA,NA,NA,NA,NA,NA,NA,NA,NA,NA,NA,NA,NA,NA,NA
L_141,2018,Mikl..n_2018_DivandDis,Past levels of canopy closure affect the occurrence of veteran trees and flagship saproxylic beetles,Diversity and Distributions,"Miklín, Jan and Sebek, Pavel and Hauck, David and Konvicka, Ondrej and Cizek, Lukas",10/gcvgj7,NA,NA,NA,NA,NA,NA,NA,NA,NA,NA,NA,NA,NA,NA,NA,NA,NA,NA,NA,NA,NA
L_142,2018,Alexander_2018_GlobChanBiol,Lags in the response of mountain plant communities to climate change,Global Change Biology,"Alexander, Jake M. and Chalmandrier, Loïc and Lenoir, Jonathan and Burgess, Treena I. and Essl, Franz and Haider, Sylvia and Kueffer, Christoph and McDougall, Keith and Milbau, Ann and Nuñez, Martin A. and Pauchard, Aníbal and Rabitsch, Wolfgang and Rew, Lisa J. and Sanders, Nathan J. and Pellissier, Loïc",10/gcmq8c,NA,NA,NA,NA,NA,NA,NA,NA,NA,NA,NA,NA,NA,NA,NA,NA,NA,NA,NA,NA,NA
L_143,2018,Lampinen_2018_BioandCon,Importance of local habitat conditions and past and present habitat connectivity for the species richness of grassland plants and butterflies in power line clearings,Biodiversity and Conservation,"Lampinen, Jussi and Heikkinen, Risto K. and Manninen, Paula and Ryttäri, Terhi and Kuussaari, Mikko",10/gctg97,NA,NA,NA,NA,NA,NA,NA,NA,NA,NA,NA,NA,NA,NA,NA,NA,NA,NA,NA,NA,NA
L_144,2019,Santos_2019_JoofApEc,Interactive persistent effects of past land‐cover and its trajectory on tropical freshwater biodiversity,Journal of Applied Ecology,"Santos, Edineusa P and Wagner, Helene H and Ferraz, Sílvio F B and Siqueira, Tadeu",NA,NA,NA,NA,NA,NA,NA,NA,NA,NA,NA,NA,NA,NA,NA,NA,NA,NA,NA,NA,NA,NA
L_145,2019,Thompson_2019_EcolLett,Characterising extinction debt following habitat fragmentation using neutral theory,Ecology Letters,"Thompson, Samuel E. D. and Chisholm, Ryan A. and Rosindell, James",10/gf9z57,NA,NA,NA,NA,NA,NA,NA,NA,NA,NA,NA,NA,NA,NA,NA,NA,NA,NA,NA,NA,NA
L_146,2019,Rumpf_2019_NatuComm,Extinction debts and colonization credits of non-forest plants in the European Alps,Nature Communications,"Rumpf, Sabine B. and Hülber, Karl and Wessely, Johannes and Willner, Wolfgang and Moser, Dietmar and Gattringer, Andreas and Klonner, Günther and Zimmermann, Niklaus E. and Dullinger, Stefan",10/gjh9dd,NA,NA,NA,NA,NA,NA,NA,NA,NA,NA,NA,NA,NA,NA,NA,NA,NA,NA,NA,NA,NA
L_147,2019,Lalech..re_2019_PopuEcol,"Relative importance of landscape and species characteristics on extinction debt, immigration credit and relaxation time after habitat turnover",Population Ecology,"Lalechère, Etienne and Archaux, Frédéric and Jabot, Franck",10/gm4hth,NA,NA,NA,NA,NA,NA,NA,NA,NA,NA,NA,NA,NA,NA,NA,NA,NA,NA,NA,NA,NA
L_148,2019,Meyer_2019_TheoEcol,Extinction debt repayment via timely habitat restoration,Theoretical Ecology,"Meyer, Katherine",10/gm4htf,NA,NA,NA,NA,NA,NA,NA,NA,NA,NA,NA,NA,NA,NA,NA,NA,NA,NA,NA,NA,NA
L_149,2019,Figueiredo_2019_Ecog,"Understanding extinction debts: spatio–temporal scales, mechanisms and a roadmap for future research",Ecography,"Figueiredo, Ludmilla and Krauss, Jochen and Steffan‐Dewenter, Ingolf and Sarmento Cabral, Juliano",10/gg4x94,NA,NA,NA,NA,NA,NA,NA,NA,NA,NA,NA,NA,NA,NA,NA,NA,NA,NA,NA,NA,NA
L_150,2019,Noh_2019_LanandEcoEng,Extinction debt in a biodiversity hotspot: the case of the Chilean Winter Rainfall-Valdivian Forests,Landscape and Ecological Engineering,"Noh, Jin-kyoung and Echeverría, Cristian and Pauchard, Aníbal and Cuenca, Pablo",10/gm4hs2,NA,NA,NA,NA,NA,NA,NA,NA,NA,NA,NA,NA,NA,NA,NA,NA,NA,NA,NA,NA,NA
L_151,2019,Thompson_2019_EcolLett_1,Characterising extinction debt following habitat fragmentation using neutral theory,Ecology Letters,"Thompson, Samuel E. D. and Chisholm, Ryan A. and Rosindell, James",10/gf9z57,NA,NA,NA,NA,NA,NA,NA,NA,NA,NA,NA,NA,NA,NA,NA,NA,NA,NA,NA,NA,NA
L_152,2019,Miller_2019_JoofApEc,Compounding human stressors cause major regeneration debt in over half of eastern US forests,Journal of Applied Ecology,"Miller, Kathryn M. and McGill, Brian J.",10/gm4hsq,NA,NA,NA,NA,NA,NA,NA,NA,NA,NA,NA,NA,NA,NA,NA,NA,NA,NA,NA,NA,NA
L_153,2019,Polaina_2019_Ecog,The legacy of past human land use in current patterns of mammal distribution,Ecography,"Polaina, Ester and González‐Suárez, Manuela and Revilla, Eloy",10/gjcst4,NA,NA,NA,NA,NA,NA,NA,NA,NA,NA,NA,NA,NA,NA,NA,NA,NA,NA,NA,NA,NA
L_154,2019,Duan_2019_LanandUrbPla,Effect of present and past landscape structures on the species richness and composition of ground beetles (Coleoptera: Carabidae) and spiders (Araneae) in a dynamic landscape,Landscape and Urban Planning,"Duan, Meichun and Liu, Yunhui and Li, Xiang and Wu, Panlong and Hu, Wenhao and Zhang, Feng and Shi, Hongliang and Yu, Zhenrong and Baudry, Jacques",10/gm4hsh,NA,NA,NA,NA,NA,NA,NA,NA,NA,NA,NA,NA,NA,NA,NA,NA,NA,NA,NA,NA,NA
L_155,2019,Belinch..n_2019_PLOONE,"Abiotic, present-day and historical effects on species, functional and phylogenetic diversity in dry grasslands of different age",PLOS ONE,"Belinchón, Rocío and Hemrová, Lucie and Münzbergová, Zuzana",10/gm4hsg,NA,NA,NA,NA,NA,NA,NA,NA,NA,NA,NA,NA,NA,NA,NA,NA,NA,NA,NA,NA,NA
L_156,2019,Aavik_2019_BioandCon,Delayed and immediate effects of habitat loss on the genetic diversity of the grassland plant Trifolium montanum,Biodiversity and Conservation,"Aavik, T. and Thetloff, M. and Träger, S. and Hernández-Agramonte, I. M. and Reinula, I. and Pärtel, M.",10/gm4hsf,NA,NA,NA,NA,NA,NA,NA,NA,NA,NA,NA,NA,NA,NA,NA,NA,NA,NA,NA,NA,NA
L_157,2019,Ross_2019_AmJoofBo,Placing human landscape legacies in a dynamic systems framework,American Journal of Botany,"Ross, Nanci J. and Stevens, M. Henry H.",10/gm4hsd,NA,NA,NA,NA,NA,NA,NA,NA,NA,NA,NA,NA,NA,NA,NA,NA,NA,NA,NA,NA,NA
L_158,2019,Sierra_2019_BiolCons,Are extinction debts reflected in temporal changes of life history trait profiles? A fifteen-year reappraisal of bryophyte metacommunities in a fragmented landscape,Biological Conservation,"Sierra, Adriel M. and Toledo, José J. and Nascimento, Henrique E. and Pereira, Marta R. and Zartman, Charles E.",10/gm4hsc,NA,NA,NA,NA,NA,NA,NA,NA,NA,NA,NA,NA,NA,NA,NA,NA,NA,NA,NA,NA,NA
L_159,2019,Butterfield_2019_Ecol,Life history traits predict colonization and extinction lags of desert plant species since the Last Glacial Maximum,Ecology,"Butterfield, Bradley J. and Holmgren, Camille A. and Anderson, R. Scott and Betancourt, Julio L.",10/gm4hsb,NA,NA,NA,NA,NA,NA,NA,NA,NA,NA,NA,NA,NA,NA,NA,NA,NA,NA,NA,NA,NA
L_160,2019,Butterfield_2019_GloEcoandBio,Extinction debt and delayed colonization have had comparable but unique effects on plant community–climate lags since the Last Glacial Maximum,Global Ecology and Biogeography,"Butterfield, Bradley J. and Anderson, R. Scott and Holmgren, Camille A. and Betancourt, Julio L.",10/gm4hrz,NA,NA,NA,NA,NA,NA,NA,NA,NA,NA,NA,NA,NA,NA,NA,NA,NA,NA,NA,NA,NA
L_161,2019,Hester_2019_BiolCons,Long-term vegetation change in Scotland's native forests,Biological Conservation,"Hester, A.J. and Britton, A.J. and Hewison, R.L. and Ross, L.C. and Potts, J.M.",10/gm4hrx,NA,NA,NA,NA,NA,NA,NA,NA,NA,NA,NA,NA,NA,NA,NA,NA,NA,NA,NA,NA,NA
L_162,2020,Jamin_2020_EcoandEvo,Evidence for a possible extinction debt in Swiss wetland specialist plants,Ecology and Evolution,"Jamin, Anine and Peintinger, Markus and Gimmi, Urs and Holderegger, Rolf and Bergamini, Ariel",10/gm4htr,NA,NA,NA,NA,NA,NA,NA,NA,NA,NA,NA,NA,NA,NA,NA,NA,NA,NA,NA,NA,NA
L_163,2020,Trindade_2020_GlobChanBiol,Temporal lags in observed and dark diversity in the Anthropocene,Global Change Biology,"Trindade, Diego P. F. and Carmona, Carlos P. and Pärtel, Meelis",10/gjh4h8,NA,NA,NA,NA,NA,NA,NA,NA,NA,NA,NA,NA,NA,NA,NA,NA,NA,NA,NA,NA,NA
L_164,2020,Wu_2020_RoyaSociOpenScie,"Extinction debt in local habitats: quantifying the roles of random drift, immigration and emigration",Royal Society Open Science,"Wu, Yongbin and Chen, Youhua and Chang, Shui-Ching and Chen, You-Fang and Shen, Tsung-Jen",10/gh3shc,NA,NA,NA,NA,NA,NA,NA,NA,NA,NA,NA,NA,NA,NA,NA,NA,NA,NA,NA,NA,NA
L_165,2020,Litza_2020_LandEcol,The effect of hedgerow density on habitat quality distorts species-area relationships and the analysis of extinction debts in hedgerows,Landscape Ecology,"Litza, Kathrin and Diekmann, Martin",10/ggvv45,NA,NA,NA,NA,NA,NA,NA,NA,NA,NA,NA,NA,NA,NA,NA,NA,NA,NA,NA,NA,NA
L_166,2020,Montgomery_2020_BiolCons,Extinction debt of fishes in Great Lakes coastal wetlands,Biological Conservation,"Montgomery, Fielding and Reid, Scott M. and Mandrak, Nicholas E.",10/gm4htk,NA,NA,NA,NA,NA,NA,NA,NA,NA,NA,NA,NA,NA,NA,NA,NA,NA,NA,NA,NA,NA
L_167,2020,Watts_2020_NE.E,Ecological time lags and the journey towards conservation success,Nature Ecology & Evolution,"Watts, Kevin and Whytock, Robin C. and Park, Kirsty J. and Fuentes-Montemayor, Elisa and Macgregor, Nicholas A. and Duffield, Simon and McGowan, Philip J. K.",10/ggjh23,NA,NA,NA,NA,NA,NA,NA,NA,NA,NA,NA,NA,NA,NA,NA,NA,NA,NA,NA,NA,NA
L_168,2020,Camana_2020_Hydr,Assessing the legacy of land use trajectories on stream fish communities of southern Brazil,Hydrobiologia,"Camana, Mateus and Dala-Corte, Renato Bolson and Collar, Fernanda Carello and Becker, Fernando Gertum",10/gm4htc,NA,NA,NA,NA,NA,NA,NA,NA,NA,NA,NA,NA,NA,NA,NA,NA,NA,NA,NA,NA,NA
L_169,2020,L..ffler_2020_BiolCons,Extinction debt across three taxa in well-connected calcareous grasslands,Biological Conservation,"Löffler, Franz and Poniatowski, Dominik and Fartmann, Thomas",10/gm4hs8,NA,NA,NA,NA,NA,NA,NA,NA,NA,NA,NA,NA,NA,NA,NA,NA,NA,NA,NA,NA,NA
L_170,2020,Gamboa.Badilla_2020_LandEcol,"Contrasting time-scale effects of land-use legacy on species richness, diversity and composition in Mediterranean scrubland communities",Landscape Ecology,"Gamboa-Badilla, Nancy and Segura, Alfonso and Bagaria, Guillem and Basnou, Corina and Pino, Joan",10/gm4hs7,NA,NA,NA,NA,NA,NA,NA,NA,NA,NA,NA,NA,NA,NA,NA,NA,NA,NA,NA,NA,NA
L_171,2020,du.Toit_2020_Sust,Quantifying Long-Term Urban Grassland Dynamics: Biotic Homogenization and Extinction Debts,Sustainability,"du Toit, Marié J. and Kotze, D. Johan and Cilliers, Sarel S.",10/gm4hs6,NA,NA,NA,NA,NA,NA,NA,NA,NA,NA,NA,NA,NA,NA,NA,NA,NA,NA,NA,NA,NA
L_172,2020,Chase_2020_Natu,Ecosystem decay exacerbates biodiversity loss with habitat loss,Nature,"Chase, Jonathan M. and Blowes, Shane A. and Knight, Tiffany M. and Gerstner, Katharina and May, Felix",10/gg6rqk,NA,NA,NA,NA,NA,NA,NA,NA,NA,NA,NA,NA,NA,NA,NA,NA,NA,NA,NA,NA,NA
L_173,2020,Stratmann_2020_ThJoofWiMa,Habitat and History Influence Abundance of Bog Turtles,The Journal of Wildlife Management,"Stratmann, Theresa S. M. and Floyd, Thomas M. and Barrett, Kyle",10/gm4hsr,NA,NA,NA,NA,NA,NA,NA,NA,NA,NA,NA,NA,NA,NA,NA,NA,NA,NA,NA,NA,NA
L_174,2020,Tsuzuki_2020_EcoandEvo,"Plant community assembly in suburban vacant lots depends on earthmoving legacy, habitat connectivity, and current mowing frequency",Ecology and Evolution,"Tsuzuki, Yoichi and Koyanagi, Tomoyo F. and Miyashita, Tadashi",10/gm4hsk,NA,NA,NA,NA,NA,NA,NA,NA,NA,NA,NA,NA,NA,NA,NA,NA,NA,NA,NA,NA,NA
L_175,2020,Mennicken_2020_FrinEcanEv,Effects of Past and Present-Day Landscape Structure on Forest Soil Microorganisms,Frontiers in Ecology and Evolution,"Mennicken, Sophie and Kondratow, Floriane and Buralli, Florian and Manzi, Sophie and Andrieu, Emilie and Roy, Mélanie and Brin, Antoine",10/gm4hr8,NA,NA,NA,NA,NA,NA,NA,NA,NA,NA,NA,NA,NA,NA,NA,NA,NA,NA,NA,NA,NA
L_176,2020,Blanchard_2020_Ecog,Extinction–immigration dynamics lag behind environmental filtering in shaping the composition of tropical dry forests within a changing landscape,Ecography,"Blanchard, Grégoire and Birnbaum, Philippe and Munoz, François",10/gm4hr7,NA,NA,NA,NA,NA,NA,NA,NA,NA,NA,NA,NA,NA,NA,NA,NA,NA,NA,NA,NA,NA
L_177,2021,Ridding_2021_Ecog,Inconsistent detection of extinction debts using different methods,Ecography,"Ridding, Lucy E. and Newton, Adrian C. and Keith, Sally A. and Walls, Robin M. and Diaz, Anita and Pywell, Richard F. and Bullock, James M.",10/ghfbcw,NA,NA,NA,NA,NA,NA,NA,NA,NA,NA,NA,NA,NA,NA,NA,NA,NA,NA,NA,NA,NA
L_178,2021,Lecoq_2021_ScieRepo,Past landscape structure drives the functional assemblages of plants and birds,Scientific Reports,"Lecoq, Lucie and Ernoult, Aude and Mony, Cendrine",10/gm4htn,NA,NA,NA,NA,NA,NA,NA,NA,NA,NA,NA,NA,NA,NA,NA,NA,NA,NA,NA,NA,NA
L_179,2021,Alcocer...Rodr..guez_2021_AnimCons,Evaluating extinction debt in fragmented forests: the rapid recovery of a critically endangered primate,Animal Conservation,"Alcocer‐Rodríguez, M. and Arroyo‐Rodríguez, V. and Galán‐Acedo, C. and Cristóbal‐Azkarate, J. and Asensio, N. and Rito, K. F. and Hawes, J. E. and Veà, J. J. and Dunn, Jacob C.",10/gm4htg,NA,NA,NA,NA,NA,NA,NA,NA,NA,NA,NA,NA,NA,NA,NA,NA,NA,NA,NA,NA,NA
L_180,2021,Makishima_2021_PlanEcol,Potential extinction debt due to habitat loss and fragmentation in subalpine moorland ecosystems,Plant Ecology,"Makishima, Daichi and Sutou, Rui and Goto, Akihito and Kawai, Yutaka and Ishii, Naohiro and Taniguchi, Hayami and Uchida, Kei and Shimazaki, Masaya and Nakashizuka, Tohru and Suyama, Yoshihisa and Hikosaka, Kouki and Sasaki, Takehiro",10/gm4hs3,NA,NA,NA,NA,NA,NA,NA,NA,NA,NA,NA,NA,NA,NA,NA,NA,NA,NA,NA,NA,NA
L_181,2021,Dri_2021_BiolCons,Estimating the impacts of habitat loss induced by urbanization on bird local extinctions,Biological Conservation,"Dri, Gabriela Franzoi and Fontana, Carla Suertegaray and Dambros, Cristian de Sales",10/gm4hsw,NA,NA,NA,NA,NA,NA,NA,NA,NA,NA,NA,NA,NA,NA,NA,NA,NA,NA,NA,NA,NA
L_182,2021,Spalding_2021_ProfthRoSoB.BiSc,Towards quantifying the mass extinction debt of the Anthropocene,Proceedings of the Royal Society B: Biological Sciences,"Spalding, Christopher and Hull, Pincelli M.",10/gjvnzb,NA,NA,NA,NA,NA,NA,NA,NA,NA,NA,NA,NA,NA,NA,NA,NA,NA,NA,NA,NA,NA
L_183,2021,Tappeiner_2021_LandEcol,"How to consider history in landscape ecology: patterns, processes, and pathways",Landscape Ecology,"Tappeiner, Ulrike and Leitinger, Georg and Zariņa, Anita and Bürgi, Matthias",10/ghn7jg,NA,NA,NA,NA,NA,NA,NA,NA,NA,NA,NA,NA,NA,NA,NA,NA,NA,NA,NA,NA,NA
L_184,2021,Abadie_2021_JoofVeSc,Historical ecology of Mediterranean forests: Land use legacies on current understorey plants differ with time since abandonment and former agricultural use,Journal of Vegetation Science,"Abadie, Juliet and Dupouey, Jean‐Luc and Salvaudon, Aline and Gachet, Sophie and Videau, Noémie and Avon, Catherine and Dumont, Jérôme and Tatoni, Thierry and Bergès, Laurent",10/gm4hss,NA,NA,NA,NA,NA,NA,NA,NA,NA,NA,NA,NA,NA,NA,NA,NA,NA,NA,NA,NA,NA
L_185,2021,Vaughan_2021_TiE.E,Using Climatic Credits to Pay the Climatic Debt,Trends in Ecology & Evolution,"Vaughan, Ian P. and Gotelli, Nicholas J.",10/gm4hsn,NA,NA,NA,NA,NA,NA,NA,NA,NA,NA,NA,NA,NA,NA,NA,NA,NA,NA,NA,NA,NA
L_186,2021,Ga..z..re_2021_Oiko,Mismatches between birds' spatial and temporal dynamics reflect their delayed response to global changes,Oikos,"Gaüzère, Pierre and Devictor, Vincent",10/gj3px3,NA,NA,NA,NA,NA,NA,NA,NA,NA,NA,NA,NA,NA,NA,NA,NA,NA,NA,NA,NA,NA
L_187,2021,Woodcock_2021_AE.E,"Historical, local and landscape factors determine the success of grassland restoration for arthropods","Agriculture, Ecosystems & Environment","Woodcock, B.A. and Pywell, R.F. and Macgregor, N.A. and Edwards, M.E. and Redhead, J. and Ridding, L.E. and Batáry, P. and Czerwiński, M. and Duffield, S.",10/gm4hr9,NA,NA,NA,NA,NA,NA,NA,NA,NA,NA,NA,NA,NA,NA,NA,NA,NA,NA,NA,NA,NA
L_188,2021,Uroy_2021_LandEcol,How to assess the temporal dynamics of landscape connectivity in ever-changing landscapes: a literature review,Landscape Ecology,"Uroy, Léa and Alignier, Audrey and Mony, Cendrine and Foltête, Jean-Christophe and Ernoult, Aude",10/gm4hr5,NA,NA,NA,NA,NA,NA,NA,NA,NA,NA,NA,NA,NA,NA,NA,NA,NA,NA,NA,NA,NA
L_189,2021,Semper.Pascual_2021_ProfthRoSoB.BiSc,How do habitat amount and habitat fragmentation drive time-delayed responses of biodiversity to land-use change?,Proceedings of the Royal Society B: Biological Sciences,"Semper-Pascual, Asunción and Burton, Cole and Baumann, Matthias and Decarre, Julieta and Gavier-Pizarro, Gregorio and Gómez-Valencia, Bibiana and Macchi, Leandro and Mastrangelo, Matías E. and Pötzschner, Florian and Zelaya, Patricia V. and Kuemmerle, Tobias",10/gm4hr3,NA,NA,NA,NA,NA,NA,NA,NA,NA,NA,NA,NA,NA,NA,NA,NA,NA,NA,NA,NA,NA
L_190,2021,Montgomery_2021_ConSciandPra,Imperfect detection biases extinction‐debt assessments,Conservation Science and Practice,"Montgomery, Fielding A. and Reid, Scott M. and Mandrak, Nicholas E.",10/gm4hr2,NA,NA,NA,NA,NA,NA,NA,NA,NA,NA,NA,NA,NA,NA,NA,NA,NA,NA,NA,NA,NA
